<?xml version="1.0" encoding="utf-8"?>
<!DOCTYPE hibernate-mapping PUBLIC "-//Hibernate/Hibernate Mapping DTD 3.0//EN"
"http://hibernate.sourceforge.net/hibernate-mapping-3.0.dtd">
<!-- 
    Mapping file autogenerated by MyEclipse Persistence Tools
-->
<hibernate-mapping>
    <class name="com.andy.entity.Score" table="SCORE" schema="SCOTT">
        <id name="id" type="int">
            <column name="ID"/>
            <generator class="native">
            	<param name="sequence">seq_score</param>
            </generator>
        </id>
        <property name="studentId" type="string">
        	<column name="STUDENTID" length="20"></column>
        </property>
        <property name="studentName" type="string">
        	<column name="STUDENTNAME" length="20"></column>
        </property>
        <property name="teacherId" type="string">
        	<column name="TEACHERID" length="20"></column>
        </property>
        <property name="teacherName" type="string">
        	<column name="TEACHERNAME" length="20"></column>
        </property>
        <property name="courseId" type="string">
        	<column name="COURSEID" length="20"></column>
        </property>
        <property name="courseName" type="string">
        	<column name="COURSENAME" length="20"></column>
        </property>
        <property name="score" type="double">
            <column name="SCORE"/>
        </property>
        <property name="state" type="string">
        	<column name="STATE" length="20"></column>
        </property>
    </class>
</hibernate-mapping>
