<?xml version="1.0" encoding="utf-8"?>
<!DOCTYPE hibernate-mapping PUBLIC "-//Hibernate/Hibernate Mapping DTD 3.0//EN"
"http://hibernate.sourceforge.net/hibernate-mapping-3.0.dtd">
<!-- 
    Mapping file autogenerated by MyEclipse Persistence Tools
-->
<hibernate-mapping>
    <class name="com.andy.entity.Teacher" table="TEACHER" schema="SCOTT">
        <id name="id" type="java.lang.String">
            <column name="ID" length="20" />
            <generator class="assigned" />
        </id>
        <property name="name" type="java.lang.String">
            <column name="NAME" length="20" />
        </property>
        <property name="sex" type="java.lang.String">
            <column name="SEX" length="2" />
        </property>
        <property name="location" type="java.lang.String">
            <column name="LOCATION" length="20" />
        </property>
        <property name="password" type="java.lang.String">
            <column name="PASSWORD" length="20" />
        </property>
    </class>
</hibernate-mapping>
